familyname,birth_lng,birth_lat,work__lng,work_lat,count
明,80.43993178,40.06078789,121.480504,30.92372,1
明,87.07361805,44.17508345,120.86342,32.015923,1
明,87.54563105,43.80788574,114.353622,30.56486,1
明,87.5492188,43.89832429,87.62444,43.830763,1
明,87.63290251,43.78386023,87.638408,43.800271,1
明,87.63290251,43.78386023,117.01441,39.148727,1
明,87.63290251,43.78386023,121.550455,31.227348,1
明,87.66801377,43.84390723,87.60467,43.807262,1
明,88.30594927,44.42410369,112.572396,37.742323,1
明,101.6697021,26.56790742,101.772414,36.634497,1
明,101.7126636,36.68636785,101.772405,36.656294,1
明,101.7126636,36.68636785,119.919519,28.451745,1
明,101.7276034,36.63163569,101.772414,36.634497,1
明,101.7276034,36.63163569,121.550455,31.227348,1
明,101.7494417,26.58204354,101.725541,26.588033,4
明,101.7494417,26.58204354,104.067445,30.680038,1
明,101.7494417,26.58204354,118.776519,32.072405,1
明,102.0007263,26.93274936,104.067445,30.680038,1
明,102.0343163,38.43340967,102.200586,38.525772,1
明,102.3286799,38.49217167,101.809569,36.605708,1
明,102.4998946,24.36985399,102.758526,25.122372,1
明,102.6493773,25.26130596,102.671557,25.043199,2
明,102.7675563,25.27401948,102.750482,25.021196,1
明,102.7675563,25.27401948,102.758526,25.122372,1
明,102.7675563,25.27401948,102.852448,24.873998,1
明,103.1491547,23.30569244,102.551565,24.359801,1
明,103.2527935,36.61692361,121.550455,31.227348,1
明,103.7719945,35.99249535,103.792414,36.072129,3
明,103.8515712,36.05400813,103.725535,36.109754,1
明,103.8515712,36.05400813,103.792414,36.072129,2
明,103.8515712,36.05400813,103.831475,36.063181,2
明,103.8515712,36.05400813,121.457769,31.288044,1
明,103.9884287,30.68510195,104.057404,30.697356,1
明,103.9884287,30.68510195,104.067445,30.680038,1
明,103.9884287,30.68510195,107.339566,30.333294,1
明,104.0412402,30.61288179,104.049424,30.648713,1
明,104.0412402,30.61288179,116.701601,28.707866,1
明,104.1242694,30.60630182,104.089562,30.661904,2
明,104.150032,30.69504011,104.108592,30.665589,1
明,104.2056493,36.50182183,104.155413,36.541464,3
明,104.7078544,29.28261397,104.057404,30.697356,1
明,104.7078544,29.28261397,104.783447,29.343499,1
明,104.945609,36.69035049,104.831614,36.733499,1
明,104.9539788,29.55164493,104.072053,30.599057,1
明,105.1938342,31.653621,115.471464,38.879988,1
明,105.2021688,29.62808855,105.082547,29.598486,1
明,105.2021688,29.62808855,121.430454,31.226848,1
明,105.3717126,28.87690068,103.863573,30.688487,1
明,105.3717126,28.87690068,106.517559,29.507928,1
明,105.5082673,29.12491997,104.057404,30.697356,1
明,105.7308246,34.58925276,108.95144,34.220635,1
明,105.7372022,27.25305963,106.730535,26.610381,1
明,106.0392429,29.81832283,106.039243,29.818323,1
明,106.3705949,29.43456615,106.517559,29.507928,1
明,106.3748049,29.63054814,106.464465,29.547193,2
明,106.4018229,32.37213964,104.057404,30.697356,1
明,106.5469668,29.55523619,106.57544,29.55909,1
明,106.7136147,29.61931774,106.580415,29.612832,1
明,106.717914,26.60352465,106.720528,26.574336,1
明,106.717914,26.60352465,106.730535,26.610381,1
明,106.7241735,26.54141327,106.720528,26.574336,2
明,106.7241735,26.54141327,106.730535,26.610381,1
明,106.7334497,26.68832631,111.558567,24.417531,1
明,106.7582742,29.37802797,106.547454,29.408475,1
明,107.1082444,34.31102704,107.153424,34.382351,1
明,107.1082444,34.31102704,107.156419,34.377481,3
明,107.1082444,34.31102704,107.244575,34.368916,1
明,107.1772265,35.78795389,119.419419,32.400677,1
明,107.7254282,30.66436344,107.725428,30.664363,1
明,107.833844,34.15053993,108.95144,34.220635,1
明,108.1006081,34.25945621,108.091515,34.278013,1
明,108.6834154,34.35428543,108.950426,34.271017,1
明,108.8173124,34.42385257,108.743451,34.36811,1
明,108.8631858,31.04240927,108.703448,30.936611,1
明,108.9155466,34.27319237,108.950426,34.271017,3
明,108.9155466,34.27319237,121.453432,31.233845,1
明,108.926462,34.33133149,108.950426,34.271017,1
明,108.926462,34.33133149,108.967391,34.272724,1
明,108.9387904,34.22141492,108.95144,34.220635,4
明,108.9387904,34.22141492,113.936539,22.5385,1
明,108.9387904,34.22141492,117.261693,39.126626,1
明,108.9387904,34.22141492,118.915423,32.1026,1
明,108.9662589,34.25548456,108.940498,34.236474,8
明,108.9662589,34.25548456,108.95144,34.220635,1
明,108.9662589,34.25548456,113.936539,22.5385,1
明,108.9662589,34.25548456,116.449559,39.926375,1
明,108.9662589,34.25548456,120.187607,30.286744,1
明,108.9662589,34.25548456,121.443396,31.194557,1
明,108.9915387,34.27147378,108.501439,22.792227,1
明,108.9915387,34.27147378,108.967391,34.272724,6
明,108.9915387,34.27147378,123.431621,41.826042,1
明,109.108755,34.30391515,108.946466,34.347269,2
明,109.2044018,35.38390188,121.272595,31.380155,1
明,109.2301966,24.62988201,109.417482,24.321314,1
明,109.3134172,34.68637308,108.946466,34.347269,1
明,109.4139145,24.47174276,116.305434,39.96549,1
明,109.5174327,30.30897851,114.807543,30.847244,1
明,109.6282461,34.96769665,108.95144,34.220635,1
明,109.7709258,28.3171426,110.485533,29.122816,1
明,109.945539,27.61202414,110.008514,27.575161,1
明,110.2745485,25.28713849,110.270437,25.279618,1
明,110.2846077,25.21575547,110.287423,25.26793,1
明,110.3308018,20.02207128,110.335541,20.036321,4
明,110.3362258,25.31887424,110.308463,25.320233,1
明,110.3362258,25.31887424,110.324538,25.258567,1
明,110.3714855,25.11280574,110.270437,25.279618,1
明,110.3714855,25.11280574,110.308463,25.320233,1
明,110.4126012,23.53868288,121.53252,31.265524,1
明,110.4884958,29.35720051,110.557499,29.351681,1
明,110.5010073,29.08853881,110.485533,29.122816,3
明,110.5010073,29.08853881,110.544432,29.126191,5
明,110.7174012,32.66383986,110.775424,32.6584,2
明,110.7363994,32.86433507,112.140572,32.016175,1
明,110.7859527,32.60560187,110.81958,32.597287,3
明,110.8012289,32.63699434,110.775424,32.6584,1
明,110.8012289,32.63699434,110.81958,32.597287,1
明,110.8012289,32.63699434,113.226576,23.411162,1
明,110.8012289,32.63699434,116.422401,39.934827,1
明,110.8686098,21.67611592,112.996592,28.118211,1
明,111.1932279,32.56747651,114.143459,30.62592,1
明,111.2707065,28.91781768,113.890427,22.560033,1
明,111.2812951,34.77177767,111.195574,34.775997,3
明,111.2812951,34.77177767,113.631419,34.753439,1
明,111.3109811,30.73275782,111.29256,30.716749,3
明,111.3109811,30.73275782,111.367422,30.650737,1
明,111.4222787,27.25033834,111.503442,27.239109,1
明,111.4453963,32.98972267,116.305434,39.96549,1
明,111.4712747,27.43119879,113.039408,28.191913,1
明,111.585113,31.17685434,114.353622,30.56486,1
明,111.6170136,33.91239248,112.476504,34.689601,1
明,111.6199376,23.0436332,111.541554,23.240174,1
明,111.6215856,26.56038168,111.598426,26.467706,1
明,111.6215856,26.56038168,114.061547,22.528466,1
明,111.6974499,28.99687124,111.689545,29.060783,4
明,111.6974499,28.99687124,112.992585,28.261379,1
明,111.7077031,29.75016814,114.137432,22.554485,1
明,111.7285671,30.45176664,108.940498,34.236474,1
明,111.7913268,40.92936078,111.67162,40.863877,3
明,111.9285276,32.15395334,112.142599,32.050572,1
明,112.0998572,30.39610336,112.196414,30.358989,2
明,112.1624368,29.44899601,116.107604,39.946147,1
明,112.1624368,29.44899601,121.430454,31.226848,1
明,112.3431214,28.69406943,112.380598,28.584984,1
明,112.3431214,28.69406943,120.148447,30.324643,1
明,112.3515794,27.10962611,112.996592,28.118211,1
明,112.3604655,28.13121263,116.449559,39.926375,1
明,112.3727454,31.67333517,120.148447,30.324643,1
明,112.3907532,34.67166759,112.402552,34.663469,2
明,112.3907532,34.67166759,112.459421,34.624263,1
明,112.4071257,34.68969374,112.459421,34.624263,1
明,112.4241093,30.32572272,112.196414,30.358989,1
明,112.4444992,29.24271435,113.039408,28.191913,1
明,112.4444992,29.24271435,113.129505,23.015374,1
明,112.4613236,28.45691937,112.361516,28.559711,1
明,112.4613236,28.45691937,112.380598,28.584984,4
明,112.4613236,28.45691937,114.350456,30.506334,1
明,112.4777939,23.10332326,113.32354,23.088981,1
明,112.4842674,33.0098387,112.541462,32.992484,1
明,112.5649422,28.97718604,113.136481,29.377995,1
明,112.5649422,28.97718604,120.578472,31.301933,1
明,112.6024877,26.9588802,112.573444,26.91772,1
明,112.6298363,37.91555606,113.936539,22.5385,1
明,112.6510095,29.49339583,121.557403,29.865721,1
明,112.663203,37.8657373,112.569385,37.869532,2
明,112.663203,37.8657373,120.136438,30.265916,1
明,112.6813301,24.50948555,113.279433,23.164317,1
明,112.71963,27.28191238,114.137432,22.554485,1
明,112.768768,30.34311579,114.254455,22.726017,1
明,112.768768,30.34311579,118.785445,31.997859,1
明,112.7726068,32.09251058,113.368509,23.130358,1
明,112.7888054,27.66922281,113.273426,23.13526,1
明,112.8053736,28.7130897,114.350456,30.506334,1
明,112.8053736,28.7130897,114.38949,23.089726,1
明,112.82353,29.46196318,113.271431,23.135336,1
明,112.8252066,28.29707758,112.945473,28.234889,1
明,112.855303,35.52055875,112.142599,32.050572,2
明,112.855303,35.52055875,112.176326,32.094934,1
明,112.855303,35.52055875,113.92251,30.930689,1
明,112.855303,35.52055875,114.362382,36.113132,1
明,112.855303,35.52055875,115.080413,35.783633,1
明,112.855303,35.52055875,117.266461,31.857378,1
明,112.855303,35.52055875,118.776519,32.072405,1
明,112.855303,35.52055875,119.412731,32.432026,1
明,112.855303,35.52055875,120.175579,30.248398,1
明,112.855303,35.52055875,120.191605,30.862955,4
明,112.855303,35.52055875,120.424601,30.855243,3
明,112.855303,35.52055875,120.824452,32.037345,1
明,112.855303,35.52055875,120.830034,31.321659,1
明,112.855303,35.52055875,121.403569,31.254973,1
明,112.8944799,27.87184346,108.940498,34.236474,1
明,112.8944799,27.87184346,112.91345,27.862467,2
明,112.8944799,27.87184346,113.042422,28.142233,1
明,112.8944799,27.87184346,121.53252,31.265524,1
明,112.9086994,28.20270663,112.937448,28.241489,4
明,112.9086994,28.20270663,112.945473,28.234889,2
明,112.9086994,28.20270663,114.061547,22.528466,1
明,112.9961952,28.14447086,112.996592,28.118211,3
明,112.9961952,28.14447086,113.039408,28.191913,1
明,112.9961952,28.14447086,113.042422,28.142233,6
明,112.9961952,28.14447086,113.135489,29.363178,1
明,112.9961952,28.14447086,113.936539,22.5385,1
明,113.0019564,29.84893325,114.061547,22.528466,1
明,113.0019564,29.84893325,114.350456,30.506334,1
明,113.0019564,29.84893325,121.443396,31.194557,1
明,113.0202007,28.14644436,110.0464,27.585226,1
明,113.0202007,28.14644436,112.380598,28.584984,1
明,113.0202007,28.14644436,112.937448,28.241489,1
明,113.0202007,28.14644436,113.039408,28.191913,1
明,113.0202007,28.14644436,113.042422,28.142233,3
明,113.0209689,28.20381055,112.937448,28.241489,1
明,113.0209689,28.20381055,113.039408,28.191913,1
明,113.023488,27.92774736,112.950464,27.835702,2
明,113.023488,27.92774736,112.975589,27.877721,1
明,113.02473,28.26021906,112.992585,28.261379,2
明,113.02473,28.26021906,113.039408,28.191913,1
明,113.0470018,40.03649563,113.306436,40.082469,1
明,113.0510015,25.77351516,113.890427,22.560033,1
明,113.068009,27.77777212,113.124568,27.880705,1
明,113.068009,27.77777212,113.180452,27.862156,1
明,113.1145853,23.62585597,113.069477,23.704022,5
明,113.1145853,23.62585597,113.39047,22.943831,1
明,113.1145853,23.62585597,114.137432,22.554485,1
明,113.1250268,28.80195809,113.135489,29.363178,1
明,113.1533478,27.53593624,113.140471,27.833568,1
明,113.1553698,29.36774346,113.039408,28.191913,1
明,113.1553698,29.36774346,113.135489,29.363178,1
明,113.1553698,29.36774346,113.136481,29.377995,4
明,113.1553698,29.36774346,121.53252,31.265524,1
明,113.1553698,29.36774346,121.628572,29.866033,1
明,113.1635111,27.94158415,113.140471,27.833568,1
明,113.1635111,27.94158415,113.158419,27.791509,2
明,113.1635111,27.94158415,113.32354,23.088981,1
明,113.1697598,27.82207253,113.124568,27.880705,1
明,113.1697598,27.82207253,113.140471,27.833568,2
明,113.2080822,33.77154644,113.250515,33.68579,1
明,113.2080822,33.77154644,113.30044,33.743657,1
明,113.2125259,27.90722881,112.91345,27.862467,1
明,113.2125259,27.90722881,113.124568,27.880705,1
明,113.2125259,27.90722881,113.158419,27.791509,2
明,113.2125259,27.90722881,113.180452,27.862156,1
明,113.224946,28.32275863,112.937448,28.241489,1
明,113.224946,28.32275863,112.945473,28.234889,1
明,113.230804,35.24171236,113.237572,35.24631,2
明,113.230804,35.24171236,113.260484,35.220272,1
明,113.2344228,23.0936662,113.250502,23.131791,6
明,113.2375272,29.17849853,123.476405,41.811425,1
明,113.287833,23.13927786,113.273426,23.13526,4
明,113.287833,23.13927786,113.32354,23.088981,1
明,113.2969659,40.10254287,117.380794,38.729573,1
明,113.3313063,23.29451408,113.279433,23.164317,3
明,113.3313063,23.29451408,113.522574,23.256272,1
明,113.3338413,23.08762923,113.271431,23.135336,1
明,113.3338413,23.08762923,113.32354,23.088981,7
明,113.3338413,23.08762923,118.392606,31.345867,1
明,113.3537742,29.52621073,112.996592,28.118211,1
明,113.3537742,29.52621073,113.135489,29.363178,1
明,113.3537742,29.52621073,113.278407,29.479907,1
明,113.3653885,33.76910781,116.305434,39.96549,1
明,113.3796062,24.70819323,113.129505,23.015374,1
明,113.3796062,24.70819323,113.594556,24.798486,1
明,113.3796062,24.70819323,114.137432,22.554485,1
明,113.3856429,23.16612927,113.271431,23.135336,1
明,113.3856429,23.16612927,113.32354,23.088981,1
明,113.3856429,23.16612927,113.368509,23.130358,2
明,113.3856429,23.16612927,113.936539,22.5385,1
明,113.3970513,22.52488153,113.129505,23.015374,4
明,113.3970513,22.52488153,113.550472,22.273004,1
明,113.42206,22.54517751,113.409731,22.506358,2
明,113.470625,27.66227857,113.237572,35.24631,1
明,113.4878314,27.17226774,112.992585,28.261379,1
明,113.4928846,23.10871181,113.124568,27.880705,1
明,113.4928846,23.10871181,113.32354,23.088981,1
明,113.5197494,29.49614601,113.180452,27.862156,1
明,113.533731,22.26559984,113.550472,22.273004,3
明,113.5389147,29.996772,114.350456,30.506334,1
明,113.5572814,34.77947429,113.619476,34.754451,1
明,113.5774503,24.91916225,114.061547,22.528466,1
明,113.6068419,24.81038464,113.617477,24.810414,1
明,113.6068419,24.81038464,130.323361,47.344987,1
明,113.6128381,37.85786536,102.713423,25.049835,1
明,113.6164817,34.69806633,113.237572,35.24631,1
明,113.6164817,34.69806633,113.631419,34.753439,2
明,113.6816784,30.62203921,113.91749,30.922978,1
明,113.7080113,34.79740641,112.459421,34.624263,1
明,113.7080113,34.79740641,113.666448,34.80607,3
明,113.7208465,28.76220296,123.426644,41.795236,1
明,113.7218611,34.70900381,113.631419,34.753439,1
明,113.7398182,27.53370963,113.7405,27.645875,2
明,113.7398182,27.53370963,113.936539,22.5385,1
明,113.7398182,27.53370963,114.353622,30.56486,1
明,113.7429135,36.59810454,115.471464,38.879988,1
明,113.763434,23.04302382,113.67007,22.867337,1
明,113.8646377,35.29483158,113.915513,35.321023,1
明,113.8788689,27.64539499,113.158419,27.791509,1
明,113.8788689,27.64539499,113.271431,23.135336,1
明,113.8788689,27.64539499,113.87744,27.621308,3
明,113.8788689,27.64539499,120.426315,31.516546,1
明,113.9146189,35.28615009,113.9336,35.30964,1
明,113.9597769,27.22344548,113.968541,27.133463,1
明,113.9720646,30.45618352,114.277506,30.607282,1
明,114.016142,30.9446167,113.91749,30.922978,1
明,114.016142,30.9446167,121.531519,38.958002,1
明,114.0348721,31.23975887,114.350456,30.506334,2
明,114.0555928,22.55173057,114.061547,22.528466,2
明,114.0871551,30.69815326,114.143459,30.62592,3
明,114.2175919,30.54726521,114.225446,30.560052,3
明,114.2175919,30.54726521,114.277506,30.607282,1
明,114.2663837,30.61095138,114.277506,30.607282,6
明,114.2663837,30.61095138,114.311582,30.598467,1
明,114.2663837,30.61095138,114.353622,30.56486,1
明,114.2663837,30.61095138,116.372514,39.918124,1
明,114.3328681,30.65609089,104.072053,30.599057,1
明,114.3328681,30.65609089,113.368509,23.130358,1
明,114.3328681,30.65609089,114.22146,30.587584,1
明,114.3328681,30.65609089,114.316579,30.605403,13
明,114.3328681,30.65609089,114.391493,30.646593,1
明,114.3328681,30.65609089,119.475604,32.203785,1
明,114.3409885,34.86057277,114.314593,34.802886,1
明,114.3536223,30.56486029,112.992585,28.261379,1
明,114.3536223,30.56486029,113.936539,22.5385,1
明,114.3536223,30.56486029,114.061547,22.528466,1
明,114.3536223,30.56486029,114.277506,30.607282,1
明,114.3536223,30.56486029,114.311582,30.598467,1
明,114.3536223,30.56486029,114.350456,30.506334,3
明,114.3536223,30.56486029,114.353622,30.56486,21
明,114.3536223,30.56486029,116.305434,39.96549,2
明,114.3536223,30.56486029,116.372514,39.918124,1
明,114.3536223,30.56486029,118.677152,31.151384,1
明,114.3646442,30.9852859,114.311582,30.598467,1
明,114.3914359,36.1416959,114.362382,36.113132,1
明,114.4338964,30.54362328,110.775424,32.6584,1
明,114.4338964,30.54362328,110.81958,32.597287,1
明,114.4338964,30.54362328,114.225446,30.560052,1
明,114.4338964,30.54362328,114.350456,30.506334,2
明,114.4444954,30.63320506,110.81958,32.597287,1
明,114.4444954,30.63320506,114.353622,30.56486,1
明,114.4444954,30.63320506,114.391493,30.646593,4
明,114.4444954,30.63320506,116.372514,39.918124,1
明,114.4444954,30.63320506,117.043543,25.104078,1
明,114.4444954,30.63320506,121.550455,31.227348,1
明,114.4461919,29.00002131,116.422401,39.934827,1
明,114.4535014,38.11721864,119.617475,39.940413,1
明,114.4684013,37.05357966,114.474393,37.066172,1
明,114.4858976,23.1630635,114.38949,23.089726,1
明,114.5107843,38.06338975,120.187607,30.286744,1
明,114.5110676,36.63721482,114.448095,36.610369,1
明,114.5926216,38.0768748,114.537583,38.012088,1
明,114.5926216,38.0768748,116.369352,39.891531,1
明,114.6281188,31.29012275,114.624426,31.294297,1
明,114.7014718,30.47306762,114.350456,30.506334,1
明,114.7014718,30.47306762,114.353622,30.56486,1
明,114.7014718,30.47306762,121.430454,31.226848,1
明,114.7669033,35.21812761,114.67561,35.207198,1
明,114.7687821,34.50596346,121.53252,31.265524,1
明,114.895594,30.38443932,114.8986,30.406389,4
明,114.901016,30.32060311,113.409731,22.506358,1
明,114.901016,30.32060311,114.8986,30.406389,1
明,114.9151664,40.78291035,114.900606,40.794268,2
明,114.9151664,40.78291035,117.203593,39.153485,1
明,114.9373653,25.83871092,114.927551,25.823747,1
明,114.9929868,30.19581813,121.651547,38.924511,1
明,115.0078506,27.85057812,114.951424,27.80684,1
明,115.0078506,27.85057812,121.550455,31.227348,1
明,115.0231595,29.26384403,115.107442,29.262352,6
明,115.0231595,29.26384403,116.449559,39.926375,1
明,115.0430011,34.39975983,116.305434,39.96549,1
明,115.0731594,30.23376497,110.373498,20.034646,1
明,115.0731594,30.23376497,114.350456,30.506334,1
明,115.0731594,30.23376497,115.072417,30.229053,1
明,115.0731594,30.23376497,115.116481,30.210695,1
明,115.0731594,30.23376497,121.443396,31.194557,1
明,115.0897146,31.21794312,116.305434,39.96549,1
明,115.1322666,30.18448551,115.072417,30.229053,1
明,115.1322666,30.18448551,115.116481,30.210695,2
明,115.1322666,30.18448551,121.453432,31.233845,1
明,115.1783456,38.67901498,115.161588,38.700158,1
明,115.1783456,38.67901498,115.471464,38.879988,1
明,115.2762511,30.50740028,114.061547,22.528466,1
明,115.5329119,38.89751051,115.471464,38.879988,2
明,115.6651481,24.90510107,115.653515,24.969447,1
明,115.7424754,29.14131062,115.968552,28.687596,1
明,115.8420355,29.64022993,115.842035,29.64023,2
明,115.8628363,39.72675262,116.449559,39.926375,1
明,115.885738,35.96638913,113.666448,34.80607,1
明,115.8989477,28.65732589,115.883536,28.661977,1
明,115.8989477,28.65732589,115.905466,28.691259,2
明,115.8989477,28.65732589,115.931416,28.627236,2
明,115.8989477,28.65732589,115.968552,28.687596,2
明,115.9077056,36.45582959,115.994587,36.440378,1
明,115.9101483,28.69237515,113.936539,22.5385,1
明,115.9101483,28.69237515,114.249415,26.951537,1
明,115.9101483,28.69237515,114.929521,25.391975,1
明,115.9101483,28.69237515,115.864805,28.703758,1
明,115.9101483,28.69237515,115.883536,28.661977,2
明,115.9101483,28.69237515,115.905466,28.691259,5
明,115.9101483,28.69237515,121.403569,31.254973,1
明,115.9101483,28.69237515,121.53252,31.265524,1
明,115.9219542,28.63660146,115.883536,28.661977,1
明,115.9219542,28.63660146,115.931416,28.627236,2
明,115.9219542,28.63660146,116.31849,27.940459,1
明,115.9309064,28.7008485,114.434561,27.802583,1
明,115.9309064,28.7008485,115.905466,28.691259,1
明,115.9309064,28.7008485,115.968552,28.687596,1
明,115.9648826,29.36027144,115.964883,29.360271,2
明,115.9990536,39.48248181,118.185094,39.686327,1
明,116.0027679,29.71784889,115.883536,28.661977,1
明,116.0027679,29.71784889,115.996558,29.733094,4
明,116.0027679,29.71784889,116.007535,29.711341,1
明,116.0027679,29.71784889,118.829884,32.030369,1
明,116.0097358,29.66658569,115.996558,29.733094,1
明,116.0097358,29.66658569,116.007535,29.711341,1
明,116.0097358,29.66658569,116.009736,29.666586,1
明,116.0097358,29.66658569,117.209548,29.305778,1
明,116.0121163,26.59023246,116.015494,26.47598,3
明,116.0399854,32.94158511,115.863617,32.917362,1
明,116.0399854,32.94158511,120.648566,31.37469,1
明,116.115952,24.29075035,113.273426,23.13526,1
明,116.115952,24.29075035,114.061547,22.528466,2
明,116.115952,24.29075035,116.123536,24.315879,2
明,116.1248057,35.80160625,114.149484,22.498024,1
明,116.1845558,39.93886654,116.229613,39.911354,1
明,116.2001336,37.66847747,115.675406,37.745191,1
明,116.2396778,40.03316205,106.57544,29.55909,1
明,116.2396778,40.03316205,106.720528,26.574336,1
明,116.2396778,40.03316205,116.305434,39.96549,12
明,116.2396778,40.03316205,116.449559,39.926375,1
明,116.2396778,40.03316205,118.800407,32.045139,1
明,116.2583703,39.84193785,116.292402,39.864937,3
明,116.2583703,39.84193785,116.422401,39.934827,1
明,116.2653142,32.66246022,116.263477,32.659028,1
明,116.2925612,29.66806051,116.258471,29.737132,1
明,116.3072911,35.43419903,113.177986,23.459887,1
明,116.3072911,35.43419903,120.204547,35.966383,1
明,116.3072911,35.43419903,120.304596,31.686741,1
明,116.3174578,28.44175803,115.01857,25.866385,4
明,116.3174578,28.44175803,116.248538,28.382759,3
明,116.369352,39.89153088,116.292402,39.864937,1
明,116.369352,39.89153088,116.369352,39.891531,3
明,116.369352,39.89153088,121.491586,31.237247,1
明,116.371884,25.6969585,121.388612,31.118843,1
明,116.3731901,39.93428014,116.229613,39.911354,1
明,116.3731901,39.93428014,116.237618,40.226413,1
明,116.3731901,39.93428014,116.292402,39.864937,1
明,116.3731901,39.93428014,116.305434,39.96549,2
明,116.3731901,39.93428014,116.369352,39.891531,1
明,116.3731901,39.93428014,116.372514,39.918124,7
明,116.3731901,39.93428014,116.422401,39.934827,1
明,116.3731901,39.93428014,116.434437,39.913577,1
明,116.4218847,39.93857401,116.292402,39.864937,1
明,116.4218847,39.93857401,116.422401,39.934827,3
明,116.4218847,39.93857401,116.449559,39.926375,3
明,116.4246363,39.88929181,116.305434,39.96549,1
明,116.4246363,39.88929181,116.424636,39.889292,1
明,116.4300789,37.15661761,117.082567,36.672163,1
明,116.5216949,39.95895317,116.449559,39.926375,5
明,116.5216949,39.95895317,120.187607,30.286744,1
明,116.5528155,30.75863928,116.552816,30.758639,2
明,116.574306,39.10932008,117.380794,38.729573,1
明,116.5983404,35.4105287,105.852426,32.440208,2
明,116.6293321,29.83459741,116.55551,29.902122,1
明,116.6782535,36.72345433,117.126399,36.656554,1
明,116.6880923,30.24256822,116.55551,29.902122,1
明,116.6880923,30.24256822,116.70059,30.129968,1
明,116.7289616,33.98833472,116.800521,33.965827,2
明,116.7289616,33.98833472,116.970544,33.652095,1
明,116.7961231,39.34531218,116.709633,39.52616,2
明,116.8145555,37.6856216,116.305449,37.456993,1
明,116.8255213,32.6523902,116.840564,32.637137,3
明,116.8255213,32.6523902,120.578472,31.301933,1
明,116.866193,32.80069462,117.006389,32.631847,1
明,116.8911992,36.68253137,116.907458,36.657562,1
明,116.8911992,36.68253137,117.126399,36.656554,1
明,116.9061227,23.86502972,114.137432,22.554485,1
明,116.9081818,33.84405351,116.908182,33.844054,1
明,116.9087721,32.54440018,116.865439,32.606255,1
明,116.921574,28.32107049,116.921574,28.32107,1
明,116.953559,30.97256797,117.097514,30.517523,1
明,116.953559,30.97256797,118.677152,31.151384,1
明,116.9549671,34.11325141,116.834612,33.997285,1
明,116.9727723,38.86126214,116.972772,38.861262,1
明,116.9809683,30.53248725,114.350456,30.506334,1
明,116.9831571,36.77807769,120.282126,31.609369,1
明,117.0146872,32.56436377,117.006389,32.631847,1
明,117.0146872,32.56436377,117.059583,32.63727,1
明,117.0146872,32.56436377,121.388612,31.118843,1
明,117.0362609,31.73263807,106.295494,38.479579,1
明,117.0362609,31.73263807,108.940498,34.236474,1
明,117.0420865,33.03713075,117.211506,32.976004,2
明,117.0420865,33.03713075,117.399513,32.948644,1
明,117.057706,28.24720538,118.088408,24.451948,1
明,117.0863224,25.22220638,110.373498,20.034646,1
明,117.0863224,25.22220638,117.043543,25.104078,1
明,117.0863224,25.22220638,121.769904,31.051898,1
明,117.1015858,36.65933858,116.907458,36.657562,1
明,117.1015858,36.65933858,117.082567,36.672163,4
明,117.1171376,32.64353587,120.136438,30.265916,1
明,117.132942,23.87404073,118.088408,24.451948,1
明,117.1525423,30.5414576,117.097514,30.517523,2
明,117.1525423,30.5414576,117.57449,30.693858,1
明,117.1622168,39.17062133,117.649081,39.007936,1
明,117.1627279,39.11698729,106.547454,29.408475,1
明,117.1627279,39.11698729,117.156515,39.144105,3
明,117.1744384,32.28611115,116.865439,32.606255,2
明,117.1744384,32.28611115,117.006389,32.631847,3
明,117.1744384,32.28611115,117.266461,31.857378,1
明,117.175584,34.24194658,114.061547,22.528466,1
明,117.175584,34.24194658,117.20059,34.249943,3
明,117.1839022,36.21545724,117.048556,36.193291,1
明,117.1839022,36.21545724,120.204547,35.966383,1
明,117.1861999,29.27215484,117.209548,29.305778,2
明,117.1908184,36.61268816,117.07159,36.685656,1
明,117.1908184,36.61268816,121.388612,31.118843,1
明,117.2028137,39.12480884,117.221467,39.12339,2
明,117.2028137,39.12480884,117.229416,39.115718,1
明,117.2185988,26.41848413,119.310492,26.088114,1
明,117.2202968,39.17314893,117.203593,39.153485,1
明,117.2312804,31.83818493,108.940498,34.236474,1
明,117.2312804,31.83818493,117.266461,31.857378,2
明,117.2312804,31.83818493,117.271459,31.884887,1
明,117.2312804,31.83818493,117.316576,31.799293,3
明,117.2312804,31.83818493,117.379441,32.923379,1
明,117.2312804,31.83818493,121.560421,29.892948,1
明,117.2341194,29.30323056,117.190579,29.278854,1
明,117.2341194,29.30323056,117.209548,29.305778,2
明,117.2341194,29.30323056,119.977514,31.836324,1
明,117.2361655,39.08449374,117.156515,39.144105,3
明,117.2361655,39.08449374,117.229416,39.115718,6
明,117.2361655,39.08449374,117.261693,39.126626,1
明,117.2478347,31.91290105,117.266461,31.857378,1
明,117.2478347,31.91290105,117.271459,31.884887,2
明,117.2478347,31.91290105,117.315587,31.863787,1
明,117.2478347,31.91290105,117.316576,31.799293,1
明,117.2478347,31.91290105,121.53252,31.265524,1
明,117.2616932,39.12662568,117.229416,39.115718,1
明,117.2616932,39.12662568,117.261693,39.126626,4
明,117.2761761,34.22248668,117.20059,34.249943,1
明,117.2761761,34.22248668,117.258424,34.259087,3
明,117.2761761,34.22248668,121.23448,31.037135,1
明,117.2953757,34.28840854,117.124522,34.321211,1
明,117.2953757,34.28840854,117.20059,34.249943,1
明,117.2961286,34.3014098,117.258424,34.259087,1
明,117.2961286,34.3014098,120.638508,31.268261,1
明,117.3312237,31.9053754,106.720528,26.574336,1
明,117.3312237,31.9053754,117.266461,31.857378,1
明,117.3312237,31.9053754,117.315587,31.863787,3
明,117.3312237,31.9053754,120.315798,31.542866,1
明,117.3381106,23.98492459,117.66059,24.516268,1
明,117.3381106,23.98492459,118.088408,24.451948,1
明,117.3381106,23.98492459,118.103435,24.582019,1
明,117.3381106,23.98492459,118.153588,24.517573,1
明,117.3381106,23.98492459,119.111571,25.323654,1
明,117.3381106,23.98492459,121.550455,31.227348,1
明,117.3539128,31.79072429,117.207287,31.853975,1
明,117.3539128,31.79072429,117.266461,31.857378,4
明,117.3539128,31.79072429,117.271459,31.884887,1
明,117.3539128,31.79072429,117.316576,31.799293,1
明,117.3539128,31.79072429,118.439431,31.358537,1
明,117.3539128,31.79072429,118.591863,31.149874,1
明,117.3539128,31.79072429,120.638508,31.268261,1
明,117.3540341,33.27284093,117.395513,32.921524,1
明,117.3540341,33.27284093,120.830034,31.321659,1
明,117.378727,32.95216492,117.379441,32.923379,1
明,117.3807944,38.72957287,117.380794,38.729573,2
明,117.3857348,30.8602985,117.385735,30.860298,1
明,117.39291,38.96979053,117.229416,39.115718,1
明,117.3984608,32.94956083,108.95144,34.220635,1
明,117.3984608,32.94956083,117.348452,32.93531,1
明,117.4008397,26.73232868,113.271431,23.135336,1
明,117.4008397,26.73232868,118.088408,24.451948,1
明,117.4254165,23.69111031,119.310492,26.088114,1
明,117.5438045,24.91868809,119.310492,26.088114,2
明,117.5758569,32.00318909,117.266461,31.857378,2
明,117.5758569,32.00318909,121.531519,38.958002,1
明,117.5758569,32.00318909,121.550455,31.227348,1
明,117.6305007,26.30744855,117.65255,26.277336,1
明,117.6490814,39.00793614,117.649081,39.007936,5
明,117.6490814,39.00793614,118.802422,32.064653,1
明,117.6762047,24.51706478,117.66059,24.516268,3
明,117.7642104,33.13846531,118.205424,31.107959,1
明,117.8107372,30.92941878,117.271459,31.884887,1
明,117.8107372,30.92941878,117.810737,30.929419,8
明,117.8107372,30.92941878,117.889749,30.944772,1
明,117.8129874,24.74459371,118.088408,24.451948,1
明,117.8129874,24.74459371,119.310492,26.088114,1
明,117.818846,26.44650591,119.334579,26.087214,1
明,117.8897493,30.94477227,117.233443,31.826578,1
明,117.8897493,30.94477227,117.271459,31.884887,1
明,117.8897493,30.94477227,117.810737,30.929419,1
明,117.8897493,30.94477227,117.889749,30.944772,1
明,117.8903643,33.94657064,118.103435,24.582019,1
明,117.8903643,33.94657064,118.846567,31.958527,1
明,117.8903643,33.94657064,119.977514,31.836324,1
明,117.90306,34.40294639,113.936539,22.5385,1
明,117.90306,34.40294639,116.292402,39.864937,1
明,117.90306,34.40294639,120.578472,31.301933,1
明,117.9107505,30.01477848,118.321418,29.702144,1
明,117.9185163,30.95235926,117.810737,30.929419,1
明,117.9983418,34.86534401,117.082567,36.672163,1
明,118.0294117,24.6409728,121.618625,38.920473,1
明,118.0771513,36.81609652,118.024591,36.811942,1
明,118.0775461,30.2777459,118.14761,30.278651,2
明,118.0775461,30.2777459,121.388612,31.118843,1
明,118.1057783,32.06993275,118.677152,31.151384,1
明,118.1345349,24.46872808,118.088408,24.451948,1
明,118.1345349,24.46872808,118.153588,24.517573,1
明,118.1345349,24.46872808,119.310492,26.088114,1
明,118.1345349,24.46872808,120.616793,31.295727,1
明,118.1409708,25.39559852,119.320528,26.058528,2
明,118.18507,39.65784568,118.128035,39.832527,1
明,118.200118,31.12832959,118.205424,31.107959,5
明,118.200118,31.12832959,118.591863,31.149874,1
明,118.200118,31.12832959,118.677152,31.151384,1
明,118.2060403,39.612987,118.128035,39.832527,1
明,118.2060403,39.612987,118.453401,39.739736,1
明,118.2538684,26.15059385,119.310492,26.088114,1
明,118.2578479,39.69212342,118.128035,39.832527,1
明,118.2972794,34.96434309,118.291513,35.002504,1
明,118.2972794,34.96434309,118.3545,35.05734,1
明,118.300697,36.85424402,118.315395,36.832294,1
明,118.3122429,35.1748447,116.372514,39.918124,1
明,118.3125513,33.42595527,116.305434,39.96549,1
明,118.3125513,33.42595527,120.291548,31.53464,1
明,118.3224365,33.95579871,118.273873,33.898354,1
明,118.3224365,33.95579871,118.336401,33.954804,3
明,118.3224365,33.95579871,119.475604,32.203785,1
明,118.3224365,33.95579871,120.282126,31.609369,1
明,118.3244307,34.64985505,121.480504,30.92372,1
明,118.3375689,32.33845808,116.237618,40.226413,1
明,118.3375689,32.33845808,118.339406,32.261271,1
明,118.3872455,31.35196558,118.392606,31.345867,6
明,118.3872455,31.35196558,118.591863,31.149874,1
明,118.3872455,31.35196558,118.677152,31.151384,2
明,118.3889807,25.01797255,117.614415,26.240219,1
明,118.5259168,31.74470647,118.499606,31.725473,2
明,118.5324622,31.19169897,117.271459,31.884887,1
明,118.5324622,31.19169897,118.392606,31.345867,1
明,118.5324622,31.19169897,118.582443,31.141239,6
明,118.5324622,31.19169897,118.677152,31.151384,1
明,118.5324622,31.19169897,121.769904,31.051898,1
明,118.5382325,32.97161313,118.802422,32.064653,1
明,118.5382325,32.97161313,120.638508,31.268261,1
明,118.5493847,39.3607389,115.968552,28.687596,1
明,118.5493847,39.3607389,118.680405,39.510045,1
明,118.5545581,31.65971931,118.505597,31.687745,4
明,118.5691248,32.0590623,119.440501,32.13792,1
明,118.5783479,31.71162712,118.499606,31.725473,2
明,118.5783479,31.71162712,121.550455,31.227348,1
明,118.5837773,39.78550885,118.680405,39.510045,1
明,118.5918627,31.14987426,118.392606,31.345867,2
明,118.5918627,31.14987426,118.591863,31.149874,6
明,118.6003623,24.90165238,117.043543,25.104078,1
明,118.6003623,24.90165238,118.61958,24.89497,4
明,118.6070862,28.58196994,121.557403,29.865721,1
明,118.6126431,37.40866629,118.588463,37.454847,6
明,118.6466732,31.50302438,118.439431,31.358537,1
明,118.6466732,31.50302438,118.525917,31.744706,1
明,118.6466732,31.50302438,120.426315,31.516546,1
明,118.7133418,32.01251821,118.738569,32.00937,1
明,118.7133418,32.01251821,118.785445,31.997859,1
明,118.7133418,32.01251821,118.800407,32.045139,1
明,118.7133418,32.01251821,118.802422,32.064653,2
明,118.7133418,32.01251821,118.829884,32.030369,3
明,118.7133418,32.01251821,121.550455,31.227348,1
明,118.7219786,31.95455211,118.776519,32.072405,1
明,118.7219786,31.95455211,118.785445,31.997859,2
明,118.7219786,31.95455211,118.800407,32.045139,2
明,118.7219786,31.95455211,118.802422,32.064653,4
明,118.7219786,31.95455211,118.829884,32.030369,1
明,118.7219786,31.95455211,119.438505,32.400661,1
明,118.7219786,31.95455211,121.388612,31.118843,1
明,118.7650569,32.06860446,116.305434,39.96549,1
明,118.7650569,32.06860446,117.20059,34.249943,1
明,118.7650569,32.06860446,118.776519,32.072405,11
明,118.7650569,32.06860446,118.804413,32.054757,4
明,118.7650569,32.06860446,118.829884,32.030369,2
明,118.7650569,32.06860446,120.282126,31.609369,1
明,118.7650569,32.06860446,121.453432,31.233845,1
明,118.7650569,32.06860446,121.550455,31.227348,1
明,118.7725528,32.10922866,117.320569,39.092332,1
明,118.7725528,32.10922866,118.772553,32.109229,5
明,118.7725528,32.10922866,118.776519,32.072405,2
明,118.7725528,32.10922866,118.785445,31.997859,1
明,118.7725528,32.10922866,121.388612,31.118843,1
明,118.7923096,34.55638323,118.73989,32.216318,1
明,118.813003,28.99853529,120.211539,30.263311,1
明,118.813003,28.99853529,120.706477,28.001085,1
明,118.8172207,32.00796914,118.153588,24.517573,1
明,118.8172207,32.00796914,118.800407,32.045139,5
明,118.8172207,32.00796914,118.804413,32.054757,1
明,118.8172207,32.00796914,118.829884,32.030369,1
明,118.8298836,32.03036929,118.776519,32.072405,1
明,118.8298836,32.03036929,118.800407,32.045139,1
明,118.8298836,32.03036929,118.802422,32.064653,2
明,118.8298836,32.03036929,118.829884,32.030369,3
明,118.8489373,32.07176566,118.776519,32.072405,4
明,118.8489373,32.07176566,118.804413,32.054757,12
明,118.8489373,32.07176566,118.915423,32.1026,1
明,118.8489373,32.07176566,121.403569,31.254973,1
明,118.8577497,34.15401366,121.430454,31.226848,1
明,118.9054994,41.57104087,125.295401,43.840641,1
明,118.9637248,32.16942426,118.776519,32.072405,1
明,118.9637248,32.16942426,118.800407,32.045139,2
明,118.9637248,32.16942426,118.804413,32.054757,3
明,118.9637248,32.16942426,118.829884,32.030369,1
明,118.9637248,32.16942426,118.915423,32.1026,3
明,118.9637248,32.16942426,119.602493,31.748577,1
明,118.9637248,32.16942426,121.511586,31.269747,1
明,118.9718998,31.33638135,118.829884,32.030369,1
明,119.0253247,33.48864247,116.305434,39.96549,1
明,119.0253247,33.48864247,118.800407,32.045139,1
明,119.0253247,33.48864247,119.025325,33.488642,1
明,119.0253247,33.48864247,119.136831,33.595284,1
明,119.0253247,33.48864247,121.628572,29.866033,1
明,119.0343055,36.70198216,119.139471,36.712752,1
明,119.0399271,31.59696306,117.261693,39.126626,1
明,119.0399271,31.59696306,118.776519,32.072405,1
明,119.0399271,31.59696306,118.802422,32.064653,2
明,119.0399271,31.59696306,118.829884,32.030369,1
明,119.136831,33.59528417,119.136831,33.595284,1
明,119.136831,33.59528417,119.161259,33.582376,1
明,119.1456311,33.02583444,120.328903,31.597341,1
明,119.1621963,34.51416014,119.169408,34.577456,1
明,119.200955,32.39263647,118.800407,32.045139,1
明,119.2070798,31.93263496,118.785445,31.997859,1
明,119.2494328,35.74438273,116.305434,39.96549,1
明,119.2605735,34.65680079,119.260574,34.656801,4
明,119.2605735,34.65680079,119.607271,32.00189,1
明,119.2681694,42.18413065,121.388612,31.118843,1
明,119.2715431,40.98180113,120.578472,31.301933,1
明,119.2807664,44.20343081,113.619476,34.754451,1
明,119.2906329,26.09787111,119.310492,26.088114,3
明,119.2906329,26.09787111,119.334579,26.087214,1
明,119.3149229,26.22175208,119.334579,26.087214,1
明,119.3249566,33.88415518,119.266448,33.787079,1
明,119.3249566,33.88415518,120.291548,31.53464,1
明,119.3828389,31.42524193,118.846567,31.958527,1
明,119.3828389,31.42524193,119.908463,31.807647,1
明,119.3927752,34.40683217,118.776519,32.072405,1
明,119.3927752,34.40683217,119.260574,34.656801,2
明,119.4161697,36.01665753,126.669624,45.71362,1
明,119.4309203,32.19664653,119.41844,32.201495,4
明,119.4309203,32.19664653,119.430489,32.194716,1
明,119.4309203,32.19664653,119.440501,32.13792,1
明,119.4463969,34.17519487,119.136831,33.595284,1
明,119.4463969,34.17519487,120.315798,31.542866,1
明,119.4582639,32.42583022,119.404385,32.382751,1
明,119.4866778,32.3956701,113.32354,23.088981,1
明,119.4866778,32.3956701,119.412731,32.432026,7
明,119.4866778,32.3956701,119.419419,32.400677,3
明,119.4866778,32.3956701,119.438505,32.400661,4
明,119.4866778,32.3956701,120.315798,31.542866,1
明,119.503407,32.8359437,119.419419,32.400677,1
明,119.503407,32.8359437,120.638508,31.268261,1
明,119.503407,32.8359437,120.830034,31.321659,1
明,119.5150384,31.72305418,118.634604,32.064679,1
明,119.5150384,31.72305418,118.776519,32.072405,1
明,119.5150384,31.72305418,119.977514,31.836324,1
明,119.5150384,31.72305418,120.578472,31.301933,1
明,119.5175723,28.98453967,119.653436,29.084639,6
明,119.5333376,29.28410254,120.211539,30.263311,1
明,119.5604619,29.83658248,121.550455,31.227348,1
明,119.5776172,39.98877958,119.617475,39.940413,1
明,119.5831579,30.62637049,120.218471,30.214333,1
明,119.5848217,32.2019961,119.16174,31.955981,1
明,119.5848217,32.2019961,119.41844,32.201495,3
明,119.5848217,32.2019961,119.475604,32.203785,8
明,119.5848217,32.2019961,119.908463,31.807647,1
明,119.5848217,32.2019961,120.578472,31.301933,1
明,119.6325271,41.84222259,120.460487,41.57178,1
明,119.6443035,31.96026346,118.634604,32.064679,1
明,119.6443035,31.96026346,118.776519,32.072405,1
明,119.6443035,31.96026346,119.475604,32.203785,1
明,119.6443035,31.96026346,119.602493,31.748577,1
明,119.6443035,31.96026346,119.607271,32.00189,2
明,119.6443035,31.96026346,119.612501,32.01592,1
明,119.6443035,31.96026346,120.578472,31.301933,1
明,119.6443035,31.96026346,122.9974,41.096332,1
明,119.7016662,32.53986642,118.776519,32.072405,1
明,119.7016662,32.53986642,118.915423,32.1026,1
明,119.7016662,32.53986642,119.419419,32.400677,1
明,119.7016662,32.53986642,120.578472,31.301933,1
明,119.7016662,32.53986642,121.628572,29.866033,1
明,119.7016662,32.53986642,125.295401,43.840641,1
明,119.7049902,33.71197605,120.204578,33.395893,1
明,119.7902653,31.36224491,115.471464,38.879988,1
明,119.7902653,31.36224491,120.282126,31.609369,1
明,119.8194198,30.98335279,121.23448,31.037135,1
明,119.8194198,30.98335279,121.628572,29.866033,1
明,119.8364967,33.48890799,118.776519,32.072405,1
明,119.8451375,32.18946941,118.846567,31.958527,1
明,119.846692,30.00109434,121.598001,29.875392,1
明,119.9031539,31.93994604,119.908463,31.807647,2
明,119.9031539,31.93994604,119.981485,31.815796,1
明,119.9124387,31.79851137,118.776519,32.072405,1
明,119.9124387,31.79851137,119.440501,32.13792,1
明,119.9124387,31.79851137,119.908463,31.807647,7
明,119.9124387,31.79851137,119.981485,31.815796,2
明,119.9211744,32.48825784,120.363426,31.594762,1
明,119.951062,36.78855005,121.403569,31.254973,1
明,119.9964181,32.96195431,119.925525,32.496732,1
明,120.0017658,31.77780326,119.908463,31.807647,2
明,120.0017658,31.77780326,119.948612,31.706447,1
明,120.0017658,31.77780326,119.980463,31.78557,4
明,120.0017658,31.77780326,119.981485,31.815796,1
明,120.0266087,34.09231718,118.915423,32.1026,1
明,120.0563593,31.7568982,119.981485,31.815796,1
明,120.0563593,31.7568982,121.443396,31.194557,1
明,120.0889189,30.80854523,120.191605,30.862955,2
明,120.0889929,30.20703617,116.305434,39.96549,1
明,120.0889929,30.20703617,118.776519,32.072405,1
明,120.0889929,30.20703617,120.136438,30.265916,8
明,120.0889929,30.20703617,120.175579,30.248398,1
明,120.0889929,30.20703617,120.191605,30.862955,1
明,120.0889929,30.20703617,121.388612,31.118843,1
明,120.0908162,32.52645249,118.804413,32.054757,1
明,120.0908162,32.52645249,120.578472,31.301933,1
明,120.1353463,32.21367894,118.776519,32.072405,1
明,120.1353463,32.21367894,118.804413,32.054757,1
明,120.1588449,30.34473201,119.025325,33.488642,1
明,120.1588449,30.34473201,120.148447,30.324643,6
明,120.1588449,30.34473201,120.175579,30.248398,1
明,120.1801261,30.23235764,120.136438,30.265916,1
明,120.1801261,30.23235764,120.175579,30.248398,2
明,120.1801261,30.23235764,120.187607,30.286744,2
明,120.186535,30.31028787,120.136438,30.265916,2
明,120.186535,30.31028787,120.187607,30.286744,2
明,120.186535,30.31028787,120.211539,30.263311,1
明,120.186535,30.31028787,120.215512,30.253083,1
明,120.1923704,30.18758761,120.218471,30.214333,9
明,120.2063514,33.37894824,119.977514,31.836324,1
明,120.2063514,33.37894824,120.204578,33.395893,2
明,120.2485018,31.46657857,120.282126,31.609369,2
明,120.2485018,31.46657857,120.291548,31.53464,4
明,120.2485018,31.46657857,120.315798,31.542866,3
明,120.2485018,31.46657857,120.328903,31.597341,1
明,120.2485018,31.46657857,120.426315,31.516546,3
明,120.2485018,31.46657857,120.86342,32.015923,1
明,120.2485018,31.46657857,121.23448,31.037135,1
明,120.2485018,31.46657857,121.480504,30.92372,1
明,120.2768986,32.03944279,120.263771,32.006268,1
明,120.2768986,32.03944279,120.291548,31.53464,1
明,120.2795047,33.74546225,118.785445,31.997859,1
明,120.2795047,33.74546225,120.204578,33.395893,1
明,120.2814344,29.69939952,115.471464,38.879988,1
明,120.2814344,29.69939952,120.706477,28.001085,1
明,120.2814344,29.69939952,121.443396,31.194557,1
明,120.2821257,31.6093694,120.282126,31.609369,2
明,120.2821257,31.6093694,120.315798,31.542866,2
明,120.3038232,30.3158321,120.148447,30.324643,1
明,120.3038232,30.3158321,120.175579,30.248398,7
明,120.3038232,30.3158321,120.211539,30.263311,6
明,120.3157982,31.54286603,119.908463,31.807647,1
明,120.3157982,31.54286603,119.980463,31.78557,1
明,120.3157982,31.54286603,120.315798,31.542866,1
明,120.3157982,31.54286603,120.328903,31.597341,1
明,120.3289027,31.59734093,120.282126,31.609369,1
明,120.3289027,31.59734093,120.291548,31.53464,1
明,120.3289027,31.59734093,120.315798,31.542866,4
明,120.3289027,31.59734093,120.328903,31.597341,1
明,120.3289027,31.59734093,120.592412,31.303564,1
明,120.3575339,47.16369634,126.568545,43.916343,1
明,120.3761841,36.07251701,120.389455,36.072227,1
明,120.3769795,36.13158239,114.149484,22.498024,1
明,120.3769795,36.13158239,116.449559,39.926375,1
明,120.378495,36.10005751,114.165543,22.251947,1
明,120.4013329,41.606227,123.465461,41.802274,1
明,120.4311455,36.19289725,114.149484,22.498024,1
明,120.4455428,27.43443638,120.215512,30.253083,1
明,120.4455428,27.43443638,120.661586,28.020352,1
明,120.4455428,27.43443638,121.388612,31.118843,1
明,120.4455428,27.43443638,121.443396,31.194557,1
明,120.4739269,32.55398507,120.86342,32.015923,1
明,120.4840729,41.60574019,120.460487,41.57178,1
明,120.5637695,32.79144255,119.981485,31.815796,1
明,120.5657985,28.06786505,113.279433,23.164317,1
明,120.5657985,28.06786505,120.661586,28.020352,10
明,120.5724506,29.96878898,112.937448,28.241489,1
明,120.5724506,29.96878898,120.588437,29.99531,4
明,120.580144,32.27361627,120.86342,32.015923,2
明,120.580144,32.27361627,121.388612,31.118843,1
明,120.5816254,31.34452757,114.061547,22.528466,1
明,120.5816254,31.34452757,120.592412,31.303564,2
明,120.5816254,31.34452757,120.616793,31.295727,2
明,120.5816254,31.34452757,120.630878,31.332306,1
明,120.6167931,31.29572734,120.581625,31.344528,2
明,120.6167931,31.29572734,120.592412,31.303564,1
明,120.6167931,31.29572734,120.616793,31.295727,10
明,120.6167931,31.29572734,120.638508,31.268261,1
明,120.6167931,31.29572734,121.550455,31.227348,1
明,120.6183267,30.01579294,120.211539,30.263311,2
明,120.6183267,30.01579294,120.588437,29.99531,7
明,120.6272785,31.90781234,116.449559,39.926375,1
明,120.6272785,31.90781234,121.496563,31.410279,1
明,120.6308781,31.33230614,120.592412,31.303564,2
明,120.6308781,31.33230614,121.491586,31.237247,1
明,120.6688087,28.33639047,120.688524,28.15645,1
明,120.6688087,28.33639047,120.819468,27.938652,1
明,120.6688087,28.33639047,121.491586,31.237247,1
明,120.6919075,30.77767897,120.715437,30.770207,2
明,120.8118846,41.86507103,121.443396,31.194557,1
明,120.8238748,32.07125642,120.86342,32.015923,3
明,120.8855756,30.52604259,120.136438,30.265916,1
明,120.8875986,31.9626607,119.908463,31.807647,1
明,120.8875986,31.9626607,120.86342,32.015923,14
明,120.8875986,31.9626607,120.901592,31.986549,1
明,120.904586,40.75099271,113.487071,23.187492,1
明,120.9658078,31.3289368,118.804413,32.054757,1
明,120.9855632,29.15177864,120.187607,30.286744,1
明,120.9855632,29.15177864,120.215512,30.253083,1
明,121.0592444,32.38766215,119.136831,33.595284,1
明,121.0592444,32.38766215,120.86342,32.015923,1
明,121.0592444,32.38766215,121.388612,31.118843,1
明,121.0592444,32.38766215,121.550455,31.227348,1
明,121.0592444,32.38766215,121.769904,31.051898,1
明,121.0724944,32.06709896,118.785445,31.997859,1
明,121.0724944,32.06709896,120.86342,32.015923,1
明,121.105839,30.71652859,121.550455,31.227348,1
明,121.2510135,31.36433806,121.272595,31.380155,11
明,121.3124701,31.95603887,118.776519,32.072405,1
明,121.3641564,37.5209334,121.454415,37.470038,2
明,121.3641564,37.5209334,121.850576,29.904659,1
明,121.3876161,31.2133015,114.137432,22.554485,1
明,121.3876161,31.2133015,115.883536,28.661977,1
明,121.3876161,31.2133015,121.272595,31.380155,2
明,121.3876161,31.2133015,121.430454,31.226848,20
明,121.3876161,31.2133015,121.443396,31.194557,1
明,121.3876161,31.2133015,121.457769,31.288044,1
明,121.3876161,31.2133015,121.481238,31.213348,1
明,121.3876161,31.2133015,121.511586,31.269747,1
明,121.3876161,31.2133015,121.53252,31.265524,1
明,121.3876161,31.2133015,121.535398,31.633565,1
明,121.3876161,31.2133015,121.550455,31.227348,1
明,121.3984429,31.26374293,121.403569,31.254973,15
明,121.3984429,31.26374293,121.443396,31.194557,4
明,121.3984429,31.26374293,121.453432,31.233845,1
明,121.4090412,31.39862269,121.496563,31.410279,7
明,121.4090412,31.39862269,121.550455,31.227348,1
明,121.4250243,31.09353754,116.305434,39.96549,1
明,121.4250243,31.09353754,121.388612,31.118843,8
明,121.446235,31.16915209,117.040538,30.518232,1
明,121.446235,31.16915209,121.272595,31.380155,1
明,121.446235,31.16915209,121.388612,31.118843,2
明,121.446235,31.16915209,121.430454,31.226848,3
明,121.446235,31.16915209,121.443396,31.194557,27
明,121.446235,31.16915209,121.453432,31.233845,1
明,121.446235,31.16915209,121.457769,31.288044,1
明,121.446235,31.16915209,121.480539,31.235929,1
明,121.446235,31.16915209,121.491586,31.237247,1
明,121.446235,31.16915209,121.550455,31.227348,2
明,121.4547556,31.2353808,121.388612,31.118843,1
明,121.4547556,31.2353808,121.403569,31.254973,5
明,121.4547556,31.2353808,121.430454,31.226848,3
明,121.4547556,31.2353808,121.443396,31.194557,1
明,121.4547556,31.2353808,121.453432,31.233845,7
明,121.4547556,31.2353808,121.457769,31.288044,3
明,121.4547556,31.2353808,121.481238,31.213348,1
明,121.4547556,31.2353808,121.491586,31.237247,1
明,121.4547556,31.2353808,121.496563,31.410279,2
明,121.4547556,31.2353808,121.511586,31.269747,1
明,121.4547556,31.2353808,121.550455,31.227348,2
明,121.4577688,31.28804447,121.388612,31.118843,1
明,121.4577688,31.28804447,121.403569,31.254973,1
明,121.4577688,31.28804447,121.457769,31.288044,14
明,121.4577688,31.28804447,121.481238,31.213348,1
明,121.4577688,31.28804447,121.496563,31.410279,1
明,121.4577688,31.28804447,121.511586,31.269747,1
明,121.4577688,31.28804447,121.550455,31.227348,1
明,121.4636244,29.31447409,121.850576,29.904659,1
明,121.481238,31.21334838,121.430454,31.226848,2
明,121.481238,31.21334838,121.481238,31.213348,13
明,121.481238,31.21334838,121.496563,31.410279,1
明,121.481238,31.21334838,121.53252,31.265524,1
明,121.481238,31.21334838,121.550455,31.227348,1
明,121.4919185,31.28249723,121.403569,31.254973,1
明,121.4919185,31.28249723,121.430454,31.226848,1
明,121.4919185,31.28249723,121.453432,31.233845,1
明,121.4919185,31.28249723,121.496563,31.410279,2
明,121.4919185,31.28249723,121.511586,31.269747,22
明,121.4919185,31.28249723,121.53252,31.265524,4
明,121.4919185,31.28249723,121.550455,31.227348,2
明,121.4960721,31.22720344,121.388612,31.118843,2
明,121.4960721,31.22720344,121.403569,31.254973,3
明,121.4960721,31.22720344,121.430454,31.226848,1
明,121.4960721,31.22720344,121.453432,31.233845,1
明,121.4960721,31.22720344,121.457769,31.288044,1
明,121.4960721,31.22720344,121.481238,31.213348,1
明,121.4960721,31.22720344,121.491586,31.237247,5
明,121.4960721,31.22720344,121.511586,31.269747,2
明,121.4960721,31.22720344,121.550455,31.227348,12
明,121.5285004,38.95546176,121.618625,38.920473,1
明,121.5353946,29.87680051,121.557403,29.865721,4
明,121.5353946,29.87680051,121.598001,29.875392,1
明,121.5353975,31.63356493,121.403569,31.254973,1
明,121.5353975,31.63356493,121.443396,31.194557,1
明,121.5353975,31.63356493,121.480539,31.235929,2
明,121.5353975,31.63356493,121.496563,31.410279,1
明,121.5353975,31.63356493,121.535398,31.633565,15
明,121.5357166,31.30451048,121.388612,31.118843,1
明,121.5357166,31.30451048,121.443396,31.194557,1
明,121.5357166,31.30451048,121.491586,31.237247,1
明,121.5357166,31.30451048,121.496563,31.410279,2
明,121.5357166,31.30451048,121.53252,31.265524,19
明,121.5357166,31.30451048,121.550455,31.227348,6
明,121.5357166,31.30451048,121.769904,31.051898,1
明,121.5692401,37.27244586,121.606549,37.392915,2
明,121.5826178,38.92177834,114.137432,22.554485,1
明,121.5826178,38.92177834,118.776519,32.072405,1
明,121.5826178,38.92177834,121.651547,38.924511,1
明,121.5980009,29.87539247,121.557403,29.865721,1
明,121.5980009,29.87539247,121.598001,29.875392,3
明,121.625823,38.91336953,121.618625,38.920473,1
明,121.625823,38.91336953,121.621631,38.918954,1
明,121.6384813,31.23089535,121.443396,31.194557,1
明,121.6384813,31.23089535,121.550455,31.227348,23
明,121.6527051,41.99090249,121.669436,42.023735,1
明,121.6527051,41.99090249,121.685384,42.016968,1
明,121.6779663,38.90043643,121.651547,38.924511,3
明,121.6788223,31.87130184,118.804413,32.054757,1
明,121.6788223,31.87130184,118.829884,32.030369,1
明,121.6788223,31.87130184,121.53252,31.265524,1
明,121.6788223,31.87130184,123.426644,41.795236,1
明,121.8586656,29.37877101,121.628572,29.866033,1
明,121.9696291,41.15583089,121.969629,41.155831,1
明,122.0730245,30.06484716,122.113601,30.025462,5
明,122.0730245,30.06484716,122.331544,29.976836,1
明,122.2101262,40.66694905,114.225446,30.560052,1
明,122.2101262,40.66694905,117.271459,31.884887,1
明,122.2101262,40.66694905,117.348452,32.93531,2
明,122.2101262,40.66694905,117.379441,32.923379,1
明,122.2101262,40.66694905,118.14761,30.278651,1
明,122.2101262,40.66694905,118.804413,32.054757,1
明,122.2603591,30.31941559,122.113601,30.025462,1
明,122.2603591,30.31941559,122.331544,29.976836,1
明,122.265592,40.70300983,122.265437,40.678764,1
明,122.265592,40.70300983,123.476405,41.811425,1
明,122.2787647,29.87110138,120.211539,30.263311,1
明,122.2787647,29.87110138,122.331544,29.976836,2
明,122.3309027,40.67256544,122.386439,40.686384,1
明,122.4069258,37.12868609,114.061547,22.528466,1
明,122.4069258,37.12868609,114.149484,22.498024,1
明,122.4069258,37.12868609,117.082567,36.672163,1
明,122.4816865,30.70500393,122.331544,29.976836,1
明,122.7912006,40.84035425,106.637559,29.723927,1
明,122.7912006,40.84035425,123.599872,41.765562,1
明,123.0207058,41.11823512,122.9974,41.096332,1
明,123.0404735,41.16417289,120.187607,30.286744,1
明,123.1783743,41.27459314,116.305434,39.96549,1
明,123.2012164,41.27112221,123.191605,41.268438,1
明,123.3586298,41.80572417,113.129505,23.015374,1
明,123.3586298,41.80572417,123.383436,41.809038,1
明,123.3586298,41.80572417,123.465461,41.802274,1
明,123.4143317,41.7864744,113.368509,23.130358,1
明,123.4143317,41.7864744,123.426644,41.795236,3
明,123.4143317,41.7864744,123.465461,41.802274,1
明,123.4153763,41.8489132,123.426644,41.795236,2
明,123.4153763,41.8489132,123.431621,41.826042,6
明,123.4535523,41.79830464,120.136438,30.265916,1
明,123.4535523,41.79830464,123.465461,41.802274,4
明,123.4535523,41.79830464,123.476405,41.811425,1
明,123.4989268,41.83527908,123.476405,41.811425,1
明,123.5719984,47.22895185,123.63651,47.215504,1
明,123.5998717,41.76556202,123.599872,41.765562,1
明,123.6925752,41.24040069,121.443396,31.194557,1
明,123.6925752,41.24040069,123.426644,41.795236,1
明,123.7118657,41.45615399,123.692507,41.492916,1
明,123.7859965,41.86040359,123.964375,41.88597,1
明,123.9017369,41.34775211,123.823474,41.314939,1
明,123.9113686,41.86978966,123.951414,41.889164,2
明,123.9448383,47.30107316,120.638508,31.268261,1
明,124.0212788,47.40486571,123.96135,47.360555,1
明,124.1365888,41.75007667,123.476405,41.811425,1
明,124.1585643,41.19567023,123.314633,41.799668,1
明,124.1961042,51.99178897,114.469438,38.05712,1
明,124.2629309,47.30348857,123.984416,47.347019,1
明,124.3553916,43.21415972,125.262443,43.88681,1
明,124.3555629,40.06703532,124.366579,40.110719,1
明,124.3555629,40.06703532,124.434387,40.164697,1
明,124.5717468,47.66582009,123.96135,47.360555,1
明,124.6990774,46.070051,125.108658,46.593633,1
明,124.8384268,46.72916038,125.108658,46.593633,1
明,124.8675711,45.29270962,124.823423,45.178039,2
明,125.0424515,46.66331135,125.108658,46.593633,1
明,125.0424515,46.66331135,125.13351,46.638936,1
明,125.1417667,46.53556824,125.140473,46.567678,1
明,125.1913308,43.91216456,125.262443,43.88681,1
明,125.2109975,42.9131966,116.305434,39.96549,1
明,125.2109975,42.9131966,125.143452,42.907634,1
明,125.2782265,43.68910862,112.937448,28.241489,1
明,125.2782265,43.68910862,117.156515,39.144105,1
明,125.2782265,43.68910862,119.438505,32.400661,1
明,125.2782265,43.68910862,125.262443,43.88681,1
明,125.2782265,43.68910862,125.295401,43.840641,1
明,125.3448993,43.99825241,116.305434,39.96549,1
明,125.3448993,43.99825241,125.295401,43.840641,1
明,125.3448993,43.99825241,125.334625,43.949502,1
明,125.4196487,43.73219054,102.758526,25.122372,1
明,125.4196487,43.73219054,114.137432,22.554485,1
明,125.4196487,43.73219054,125.35661,43.869873,6
明,125.4548089,42.6839339,112.937448,28.241489,1
明,125.6114848,43.87222272,113.936539,22.5385,1
明,125.9601237,41.6772624,125.933595,41.708405,1
明,126.3265131,44.02389756,121.388612,31.118843,1
明,126.3265131,44.02389756,126.56857,43.827152,1
明,126.3265131,44.02389756,126.581449,43.887992,1
明,126.3684185,45.68613924,113.250502,23.131791,1
明,126.3684185,45.68613924,126.675638,45.765866,1
明,126.3890895,43.88217194,125.35661,43.869873,1
明,126.5902545,45.66612348,106.730535,26.610381,1
明,126.5902545,45.66612348,112.459421,34.624263,1
明,126.5902545,45.66612348,113.936539,22.5385,1
明,126.5902545,45.66612348,125.295401,43.840641,1
明,126.5902545,45.66612348,126.675638,45.765866,4
明,126.6533509,45.72825781,126.653351,45.728258,1
明,126.6822731,45.59009978,114.708439,23.740298,1
明,126.6950848,44.10087436,126.568545,43.916343,1
明,127.6239381,42.27790911,113.936539,22.5385,1
明,129.7839151,44.5879751,129.642527,44.601775,1
明,129.8604468,44.4084045,104.072053,30.599057,1
明,129.8604468,44.4084045,129.633478,44.58746,1
明,130.0724062,46.98831851,118.804413,32.054757,1
明,130.2475014,47.48373736,113.250502,23.131791,1
明,130.2475014,47.48373736,113.271431,23.135336,1
明,130.2475014,47.48373736,130.323361,47.344987,1
明,130.3578623,46.81787064,126.675638,45.765866,1
明,130.8931883,45.81349359,131.026444,45.7718,1
明,130.9599368,45.30761021,116.305434,39.96549,1
明,130.9925031,45.77009251,131.026444,45.7718,2
明,131.1505559,46.81843708,126.669624,45.71362,1
明,131.178514,46.6585246,131.165342,46.652586,2
